1,Jimena
1,Jimena
1,Jimena
1,Jimena
1,Jimena
1,Jimena
1,Jimena
1,Jimena
1,Jimena
1,Jimena
1,Jimena
1,Jimena
1,Jimena
1,Jimena
1,Jimena
1,Jimena
1,Jimena
1,Jimena
1,Jimena
1,Jimena
1,Jimena
1,Jimena
1,Jimena
1,Jimena
1,Jimena
1,Jimena
1,Jimena
1,Jimena
1,Jimena
1,Jimena
1,Jimena
1,Jimena
1,Jimena
1,Jimena
1,Jimena
1,Jimena
1,Jimena
1,Jimena
1,Jimena
1,Jimena
1,Jimena
1,Jimena
1,Jimena
1,Jimena
1,Jimena
1,Jimena
1,Jimena
1,Jimena
1,Jimena
1,Jimena
1,Jimena
1,Jimena
1,Jimena
1,Jimena
1,Jimena
1,Jimena
1,Jimena
1,Jimena
1,Jimena
1,Jimena
1,Jimena
1,Jimena
1,Jimena
1,Jimena
1,Jimena
1,Jimena
1,Jimena
1,Jimena
1,Jimena
1,Jimena
1,Jimena
1,Jimena
1,Jimena
1,Jimena
1,Jimena
1,Jimena
1,Jimena
1,Jimena
1,Jimena
1,Jimena
1,Jimena
1,Jimena
1,Jimena
1,Jimena
1,Jimena
1,Jimena
1,Jimena
1,Jimena
1,Jimena
1,Jimena
1,Jimena
1,Jimena
1,Jimena
1,Jimena
1,Jimena
1,Jimena
1,Jimena
1,Jimena
1,Jimena
1,Jimena
1,Jimena
1,Jimena
1,Jimena
1,Jimena
1,Jimena
1,Jimena
1,Jimena
1,Jimena
1,Jimena
1,Jimena
1,Jimena
1,Jimena
1,Jimena
1,Jimena
1,Jimena
1,Jimena
